Model,Title,Image url,Category,Brand
970110,Spinach,https://thumbs.dreamstime.com/z/grilled-salmon-plate-247467.jpg,Vegetable,brand1
459737,Kiwi,https://thumbs.dreamstime.com/z/grilled-salmon-plate-247467.jpg,Fruit,brand4
406856,Eggplant,https://thumbs.dreamstime.com/z/grilled-salmon-plate-247467.jpg,Vegetable,brand4
705793,Celery,https://thumbs.dreamstime.com/z/grilled-salmon-plate-247467.jpg,Vegetable,brand3
198922,Lime,https://thumbs.dreamstime.com/z/grilled-salmon-plate-247467.jpg,Fruit,brand3
208014,Chocolate Smoothie,https://thumbs.dreamstime.com/z/grilled-salmon-plate-247467.jpg,Beverage,brand4
521233,Orange Juice,https://thumbs.dreamstime.com/z/grilled-salmon-plate-247467.jpg,Beverage,brand1
150895,Herbal Tea,https://thumbs.dreamstime.com/z/grilled-salmon-plate-247467.jpg,Beverage,brand3
772619,Iced Tea,https://thumbs.dreamstime.com/z/grilled-salmon-plate-247467.jpg,Beverage,brand4
958964,Apple Juice,https://thumbs.dreamstime.com/z/grilled-salmon-plate-247467.jpg,Beverage,brand2
873150,Plum,https://thumbs.dreamstime.com/z/grilled-salmon-plate-247467.jpg,Fruit,brand1
951770,Mango,https://thumbs.dreamstime.com/z/grilled-salmon-plate-247467.jpg,Fruit,brand4
705353,Coffee,https://thumbs.dreamstime.com/z/grilled-salmon-plate-247467.jpg,Beverage,brand1
465895,Espresso,https://thumbs.dreamstime.com/z/grilled-salmon-plate-247467.jpg,Beverage,brand2
642952,Papaya,https://thumbs.dreamstime.com/z/grilled-salmon-plate-247467.jpg,Fruit,brand2
805624,Carrot,https://thumbs.dreamstime.com/z/grilled-salmon-plate-247467.jpg,Vegetable,brand1
539860,Banana,https://thumbs.dreamstime.com/z/grilled-salmon-plate-247467.jpg,Fruit,brand1
987347,Green Tea,https://thumbs.dreamstime.com/z/grilled-salmon-plate-247467.jpg,Beverage,brand3
477052,Apple,https://thumbs.dreamstime.com/z/grilled-salmon-plate-247467.jpg,Fruit,brand1
505357,Orange,https://thumbs.dreamstime.com/z/grilled-salmon-plate-247467.jpg,Fruit,brand2
874610,Water,https://thumbs.dreamstime.com/z/grilled-salmon-plate-247467.jpg,Beverage,brand1
251580,Tomato,https://thumbs.dreamstime.com/z/grilled-salmon-plate-247467.jpg,Vegetable,brand2
257667,Blueberry,https://thumbs.dreamstime.com/z/grilled-salmon-plate-247467.jpg,Fruit,brand3
996933,Broccoli,https://thumbs.dreamstime.com/z/grilled-salmon-plate-247467.jpg,Vegetable,brand4
319657,Cucumber,https://thumbs.dreamstime.com/z/grilled-salmon-plate-247467.jpg,Vegetable,brand3
185664,Pineapple,https://thumbs.dreamstime.com/z/grilled-salmon-plate-247467.jpg,Fruit,brand1
776260,Spinach,https://thumbs.dreamstime.com/z/grilled-salmon-plate-247467.jpg,Vegetable,brand1
776883,Black Tea,https://thumbs.dreamstime.com/z/grilled-salmon-plate-247467.jpg,Beverage,brand2
675923,Potato,https://thumbs.dreamstime.com/z/grilled-salmon-plate-247467.jpg,Vegetable,brand1
129514,Cherry,https://thumbs.dreamstime.com/z/grilled-salmon-plate-247467.jpg,Fruit,brand3
145728,Lychee,https://thumbs.dreamstime.com/z/grilled-salmon-plate-247467.jpg,Fruit,brand4
608992,Strawberry,https://thumbs.dreamstime.com/z/grilled-salmon-plate-247467.jpg,Fruit,brand1
567854,Watermelon,https://thumbs.dreamstime.com/z/grilled-salmon-plate-247467.jpg,Fruit,brand2
922570,Avocado,https://thumbs.dreamstime.com/z/grilled-salmon-plate-247467.jpg,Fruit,brand3
637479,Raspberry,https://thumbs.dreamstime.com/z/grilled-salmon-plate-247467.jpg,Fruit,brand4
270748,Beer,https://thumbs.dreamstime.com/z/grilled-salmon-plate-247467.jpg,Beverage,brand4
213948,Grapes,https://thumbs.dreamstime.com/z/grilled-salmon-plate-247467.jpg,Fruit,brand1
828486,Onion,https://thumbs.dreamstime.com/z/grilled-salmon-plate-247467.jpg,Vegetable,brand1
436013,Lemon,https://thumbs.dreamstime.com/z/grilled-salmon-plate-247467.jpg,Fruit,brand4
640736,Garlic,https://thumbs.dreamstime.com/z/grilled-salmon-plate-247467.jpg,Vegetable,brand1
801480,Ginger,https://thumbs.dreamstime.com/z/grilled-salmon-plate-247467.jpg,Vegetable,brand2
517006,Pear,https://thumbs.dreamstime.com/z/grilled-salmon-plate-247467.jpg,Fruit,brand3
947942,Peach,https://thumbs.dreamstime.com/z/grilled-salmon-plate-247467.jpg,Fruit,brand2
357720,Lemonade,https://thumbs.dreamstime.com/z/grilled-salmon-plate-247467.jpg,Beverage,brand4
316378,Tangerine,https://thumbs.dreamstime.com/z/grilled-salmon-plate-247467.jpg,Fruit,brand4
927023,Tea,https://thumbs.dreamstime.com/z/grilled-salmon-plate-247467.jpg,Beverage,brand4
165282,Wine,https://thumbs.dreamstime.com/z/grilled-salmon-plate-247467.jpg,Beverage,brand2
107589,Kale,https://thumbs.dreamstime.com/z/grilled-salmon-plate-247467.jpg,Vegetable,brand4
628378,Carrot Juice,https://thumbs.dreamstime.com/z/grilled-salmon-plate-247467.jpg,Beverage,brand1
738752,Lemon Juice,https://thumbs.dreamstime.com/z/grilled-salmon-plate-247467.jpg,Beverage,brand1
829091,Cabbage,https://thumbs.dreamstime.com/z/grilled-salmon-plate-247467.jpg,Vegetable,brand1
518815,Blackberry,https://thumbs.dreamstime.com/z/grilled-salmon-plate-247467.jpg,Fruit,brand1
704350,Latte,https://thumbs.dreamstime.com/z/grilled-salmon-plate-247467.jpg,Beverage,brand3
522905,Soda,https://thumbs.dreamstime.com/z/grilled-salmon-plate-247467.jpg,Beverage,brand4
238662,Cauliflower,https://thumbs.dreamstime.com/z/grilled-salmon-plate-247467.jpg,Vegetable,brand1
164829,Beetroot,https://thumbs.dreamstime.com/z/grilled-salmon-plate-247467.jpg,Vegetable,brand1
697437,Green Beans,https://thumbs.dreamstime.com/z/grilled-salmon-plate-247467.jpg,Vegetable,brand3
562724,Lime,https://thumbs.dreamstime.com/z/grilled-salmon-plate-247467.jpg,Fruit,brand1
797590,Watermelon Juice,https://thumbs.dreamstime.com/z/grilled-salmon-plate-247467.jpg,Beverage,brand3
423067,Asparagus,https://thumbs.dreamstime.com/z/grilled-salmon-plate-247467.jpg,Vegetable,brand4
839647,Melon,https://thumbs.dreamstime.com/z/grilled-salmon-plate-247467.jpg,Fruit,brand2
878579,Cabbage Juice,https://thumbs.dreamstime.com/z/grilled-salmon-plate-247467.jpg,Beverage,brand1
494894,Guava,https://thumbs.dreamstime.com/z/grilled-salmon-plate-247467.jpg,Fruit,brand3
726984,Chili Pepper,https://thumbs.dreamstime.com/z/grilled-salmon-plate-247467.jpg,Vegetable,brand2
906695,Coconut,https://thumbs.dreamstime.com/z/grilled-salmon-plate-247467.jpg,Fruit,brand4
541219,Brussels Sprouts,https://thumbs.dreamstime.com/z/grilled-salmon-plate-247467.jpg,Vegetable,brand2
363496,Beetroot Juice,https://thumbs.dreamstime.com/z/grilled-salmon-plate-247467.jpg,Beverage,brand1
209269,Beet,https://thumbs.dreamstime.com/z/grilled-salmon-plate-247467.jpg,Vegetable,brand3
899175,Cappuccino,https://thumbs.dreamstime.com/z/grilled-salmon-plate-247467.jpg,Beverage,brand2
585507,Cocoa,https://thumbs.dreamstime.com/z/grilled-salmon-plate-247467.jpg,Beverage,brand2
490569,Chocolate Milk,https://thumbs.dreamstime.com/z/grilled-salmon-plate-247467.jpg,Beverage,brand3
514953,Matcha,https://thumbs.dreamstime.com/z/grilled-salmon-plate-247467.jpg,Beverage,brand3
101689,Mango,https://thumbs.dreamstime.com/z/grilled-salmon-plate-247467.jpg,Fruit,brand4
782674,Pea,https://thumbs.dreamstime.com/z/grilled-salmon-plate-247467.jpg,Vegetable,brand4
769721,Espresso,https://thumbs.dreamstime.com/z/grilled-salmon-plate-247467.jpg,Beverage,brand2
961330,Carrot,https://thumbs.dreamstime.com/z/grilled-salmon-plate-247467.jpg,Vegetable,brand1
453034,Hot Chocolate,https://thumbs.dreamstime.com/z/grilled-salmon-plate-247467.jpg,Beverage,brand2
314544,Cola,https://thumbs.dreamstime.com/z/grilled-salmon-plate-247467.jpg,Beverage,brand4
455533,Sweet Potato,https://thumbs.dreamstime.com/z/grilled-salmon-plate-247467.jpg,Vegetable,brand2
469915,Apple,https://thumbs.dreamstime.com/z/grilled-salmon-plate-247467.jpg,Fruit,brand1
604893,Banana,https://thumbs.dreamstime.com/z/grilled-salmon-plate-247467.jpg,Fruit,brand2
327358,Carrot,https://thumbs.dreamstime.com/z/grilled-salmon-plate-247467.jpg,Vegetable,brand1
427132,Mango,https://thumbs.dreamstime.com/z/grilled-salmon-plate-247467.jpg,Fruit,brand2
540204,Apple Juice,https://thumbs.dreamstime.com/z/grilled-salmon-plate-247467.jpg,Beverage,brand1
289462,Orange Juice,https://thumbs.dreamstime.com/z/grilled-salmon-plate-247467.jpg,Beverage,brand1
341623,Orange,https://thumbs.dreamstime.com/z/grilled-salmon-plate-247467.jpg,Fruit,brand1
